,date,Unemployment,real Consumption Growth,GB_UNEMPF2,GB_gRPCEF2,SPF_UNEMPF2,SPF_gRPCEF2,YoY_Unemployment(A),YoY_rPCE(A),YoY_Unemployment(GB),YoY_rPCE(GB),YoY_Unemployment(SPF),YoY_rPCE(SPF),MSE_Unemp(GB),MSE_rPCE(GB),MSE_unemp(SPF),MSE_rPCE(SPF)
0,1/1/82,8.833333333,2.979224182,9.1,5.5,8.8818,3.8815,,,,,,,,,,
1,4/1/82,9.433333333,1.224314919,9.5,4,9.25,3.2165,,,,,,,,,,
2,7/1/82,9.9,2.711789929,10.1,2.6,9.419,2.6633,,,,,,,,,,
3,10/1/82,10.66666667,7.186115031,11.1,1.3,10.1447,2.8883,,,,,,,,,,
4,1/1/83,10.36666667,4.012921235,10.3,4.1,10.1784,3.5972,1.533333337,1.033697053,1.266666667,-0.379224182,0.585666667,-0.315924182,0.071111113,1.996346416,0.898072117,1.821477478
5,4/1/83,10.13333333,8.395720141,9.2,3.1,9.7385,3.9194,0.699999997,7.171405222,1.666666667,0.075685081,0.711366667,1.663985081,0.934444451,50.34924432,0.000129201,30.33167661
6,7/1/83,9.366666667,7.376527641,8.9,2.7,9.0469,3.7221,-0.533333333,4.664737712,0.4,1.388210071,0.2784,0.885410071,0.87111111,10.73563338,0.658911004,14.28331742
7,10/1/83,8.533333333,6.518473084,8,3.6,8.5472,3.2217,-2.133333337,-0.667641947,-1.46666667,-4.086115031,-0.92816667,-3.266715031,0.444444445,11.68595823,1.452426695,6.755180896
8,1/1/84,7.866666667,3.370522438,6.9,2.5,7.7226,3.1313,-2.500000003,-0.642398797,-1.46666667,-1.312921235,-1.31976667,-0.290821235,1.067777777,0.44960034,1.39295072,0.123606782
9,4/1/84,7.433333333,5.722603743,6.6,2.6,7.4143,3.2871,-2.699999997,-2.673116398,-2.13333333,-4.795720141,-1.58613333,-5.174020141,0.321111111,4.50544665,1.240698952,6.254519532
10,7/1/84,7.433333333,2.998481851,7,3.5,6.8846,2.423,-1.933333334,-4.37804579,-2.466666667,-4.876527641,-1.644066667,-4.245227641,0.284444444,0.248484156,0.083675205,0.017640661
11,10/1/84,7.3,5.278265204,7.1,3.2,7.2774,3.4189,-1.233333333,-1.24020788,-1.933333333,-3.918473084,-1.119033333,-3.231373084,0.49,7.173104503,0.01306449,3.96473887
12,1/1/85,7.233333333,6.972637557,6.9,3.5,6.9792,3.5973,-0.633333334,3.602115119,-0.866666667,0.129477562,-0.982066667,-0.947522438,0.054444444,12.0592116,0.121614938,20.6992019
13,4/1/85,7.3,3.727600652,7.1,2.1,7.1483,3.1081,-0.133333333,-1.995003091,-0.333333333,-2.522603743,-0.155933333,-2.303703743,0.04,0.278362448,0.00051076,0.095296093
14,7/1/85,7.2,7.812076802,7.2,3.2,7.2355,2.8355,-0.233333333,4.813594951,-0.533333333,0.501518149,-0.454133333,0.598818149,0.09,18.59400635,0.04875264,17.76434349
15,10/1/85,7.033333333,0.867473022,7.2,2,7.1,2.2604,-0.266666667,-4.410792182,-0.2,-3.178265204,-0.1517,-2.170165204,0.004444444,1.519122751,0.013217335,5.020409255
16,1/1/86,7.033333333,3.545870206,6.8,3.4,6.7115,2.6265,-0.2,-3.426767351,-0.033333333,-3.772637557,0.002166667,-4.137137557,0.027777778,0.119626199,0.040871361,0.50462583
17,4/1/86,7.166666667,4.425056534,6.8,2.5,6.7893,2.4634,-0.133333333,0.697455882,-0.1,-1.727600652,-0.2,-1.467200652,0.001111111,5.880899193,0.004444444,4.68573791
18,7/1/86,6.966666667,7.262912083,6.7,2.6,6.9458,3.1058,-0.233333333,-0.549164719,-0.4,-4.412076802,-0.4885,-5.185576802,0.027777778,14.92208976,0.065110028,21.496317
19,10/1/86,6.833333333,2.479581575,6.9,2.6,6.9375,2.4267,-0.2,1.612108553,-0.233333333,1.632526978,-0.244033333,1.595926978,0.001111111,0.000416912,0.001938934,0.000261843
20,1/1/87,6.6,0.371902346,6.7,1.5,6.7409,1.1625,-0.433333333,-3.17396786,-0.333333333,-0.945870206,-0.087533333,-0.440070206,0.01,4.964419156,0.11957764,7.474196383
21,4/1/87,6.266666667,5.566869962,6.3,0.8,6.4643,2.0682,-0.9,1.141813428,-0.266666667,-1.825056534,-0.229166667,-1.998356534,0.401111111,8.802317371,0.450017361,9.86066739
22,7/1/87,6,4.645254717,5.9,1.9,5.9773,2.6082,-0.966666667,-2.617657366,-0.266666667,-5.762912083,-0.225766667,-6.100412083,0.49,9.892627235,0.54893281,12.12958042
23,10/1/87,5.833333333,0.844116538,6.3,0.5,6.1368,0.8365,-1,-1.635465037,-0.533333333,-1.679581575,-0.369033333,-0.411381575,0.217777778,0.001946269,0.398118935,1.498380322
24,1/1/88,5.7,7.259301654,5.7,2,6.0333,2.0557,-0.9,6.887399308,-0.7,1.528097654,-0.6227,2.236297654,0.04,28.72211422,0.07689529,21.6327466
25,4/1/88,5.466666667,2.98731313,5.7,2.2,5.4947,1.523,-0.8,-2.579556832,0.033333333,-5.066869962,-0.129866667,-4.730369962,0.694444444,6.186726607,0.449078684,4.62599712
26,7/1/88,5.466666667,3.605817068,5.5,1.7,5.4706,1.3799,-0.533333333,-1.039437649,-0.3,-2.645254717,0.0333,-2.589554717,0.054444444,2.578648456,0.321073334,2.402862925
27,10/1/88,5.333333333,4.626190621,5.3,2.4,5.4667,2.4908,-0.5,3.782074083,-0.133333333,1.355883462,-0.338633333,0.678883462,0.134444445,5.886400929,0.026039201,9.62979203
28,1/1/89,5.2,1.868681903,5.3,2.7,5.4235,1.8335,-0.5,-5.390619751,-0.2,-5.559301654,-0.2294,-5.879401654,0.09,0.028453584,0.07322436,0.238907749
29,4/1/89,5.233333333,1.87741593,5.6,1.3,5.4765,2.5905,-0.233333334,-1.1098972,-0.166666667,-0.58731313,3.3333E-05,-0.49651313,0.004444444,0.27309411,0.054460001,0.376240017
30,7/1/89,5.233333333,3.930504054,5.4,2.6,5.4867,0.7815,-0.233333334,0.324686986,-0.166666667,-0.905817068,-0.043166667,-1.772317068,0.004444444,1.514140227,0.036163361,4.397426002
31,10/1/89,5.366666667,1.747595622,5.8,2,5.6059,1.4557,0.033333334,-2.878594999,0.266666667,-3.326190621,0.143166667,-2.035690621,0.054444444,0.200341841,0.012063361,0.71048779
32,1/1/90,5.3,3.407440336,5.6,2.3,5.5357,3.0417,0.1,1.538758433,0.2,0.731318097,0.2867,-1.087181903,0.01,0.651959896,0.03485689,6.895562648
33,4/1/90,5.333333333,1.226541444,5.8,1.7,5.4778,2.016,0.1,-0.650874486,0.566666667,0.12258407,0.372566667,-0.42171593,0.217777778,0.598238138,0.074292588,0.052513644
34,7/1/90,5.7,1.593493893,6.3,0.5,5.7769,1.4962,0.466666667,-2.337010161,0.366666667,-1.630504054,0.302366667,-0.888804054,0.01,0.499150879,0.02699449,2.097300928
35,10/1/90,6.133333333,-3.004895918,6.4,2.5,6.4467,0.5681,0.766666666,-4.75249154,0.433333333,-0.047595622,0.111133333,0.268404378,0.111111111,22.1360456,0.429723951,25.20939582
36,1/1/91,6.6,-1.497726924,6.5,3,6.8377,1.8357,1.3,-4.90516726,1,-2.907440336,0.4769,-1.911240336,0.09,3.990912863,0.67749361,8.963598426
37,4/1/91,6.833333333,3.359302126,6.6,2.5,6.8369,2.3229,1.5,2.132760682,1.066666667,1.273458556,1.113366667,-0.658441444,0.187777777,0.738400144,0.149485334,7.790809308
38,7/1/91,6.866666667,2.00587565,6.7,2.5,6.6773,2.4246,1.166666667,0.412381757,0.8,1.406506107,1.1377,0.242206107,0.134444445,0.988283223,0.000839068,0.028959752
39,10/1/91,7.1,-0.198790629,7.2,1.9,6.7538,2.5386,0.966666667,2.806105289,0.466666667,5.504895918,0.703566667,5.327795918,0.25,7.283470859,0.06922161,6.358923628
40,1/1/92,7.366666667,7.701749529,7.2,3.1,6.9225,2.5848,0.766666667,9.199476453,0.1,3.997726924,0.0773,3.922326924,0.444444445,27.05819816,0.475226402,27.84830715
41,4/1/92,7.6,2.738581911,7.2,2.8,6.9027,2.6075,0.766666667,-0.620720215,0.366666667,-1.459302126,-0.079533333,-0.820702126,0.16,0.703219621,0.71605444,0.039992765
42,7/1/92,7.633333333,4.363314851,7.8,1.8,7.2694,2.4371,0.766666666,2.357439201,0.333333333,1.09412435,0.055833333,0.57892435,0.187777777,1.595964413,0.505284027,3.163115075
43,10/1/92,7.366666667,4.85403014,7.2,2.9,7.2179,2.1353,0.266666667,5.052820769,0.1,2.998790629,-0.1973,2.806290629,0.027777778,4.219039816,0.215265068,5.04689767
44,1/1/93,7.133333333,1.542592406,6.9,2.7,6.8939,3.1644,-0.233333334,-6.159157123,0.433333333,-5.901749529,-0.097266667,-5.264649529,0.444444445,0.066258669,0.018514138,0.800143836
45,4/1/93,7.066666667,3.688532247,6.9,2,6.725,3.0768,-0.533333333,0.949950336,-0.4,0.161418089,-0.3821,-0.603281911,0.017777778,0.621783105,0.022871521,2.412530413
46,7/1/93,6.8,4.523461269,6.7,2.2,6.7353,2.591,-0.833333333,0.160146418,-0.733333333,-1.663314851,-0.739433333,-1.198914851,0.01,3.325011,0.00881721,1.847047533
47,10/1/93,6.633333333,3.558616445,6.5,2.2,6.5375,3.079,-0.733333334,-1.295413695,-0.466666667,-2.85403014,-0.641666667,-1.77723014,0.071111111,2.429285223,0.008402778,0.232147087
48,1/1/94,6.566666667,4.654828326,6.8,2.4,6.4321,2.9687,-0.566666666,3.11223592,-0.433333333,0.657407594,-0.398033333,1.048407594,0.017777778,6.02618211,0.028437201,4.259387359
49,4/1/94,6.2,3.14572045,6.3,2.3,6.2324,2.8412,-0.866666667,-0.542811797,-0.566666667,-1.488532247,-0.529166667,-0.609532247,0.09,0.89438717,0.11390625,0.004451618
50,7/1/94,6,3.082772511,6.1,2.5,5.9931,2.4052,-0.8,-1.440688758,0,-2.123461269,-0.3679,-1.554761269,0.64,0.466178302,0.18671041,0.013012538
51,10/1/94,5.633333333,4.399239178,5.5,2.4,5.763,2.6618,-1,0.840622733,-0.333333333,-1.258616445,-0.400933333,-0.717416445,0.444444445,4.406805126,0.358880872,2.42748608
52,1/1/95,5.466666667,0.998706874,5.6,2.1,5.4586,2.5355,-1.1,-3.656121452,-0.466666667,-2.154828326,-0.573566667,-2.249628326,0.401111111,2.25388105,0.277132054,1.978222913
53,4/1/95,5.666666667,3.553290681,6,2,5.602,2.5775,-0.533333333,0.407570231,-0.7,-0.74572045,-0.437,-0.48392045,0.027777778,1.330079395,0.009280111,0.794755634
54,7/1/95,5.666666667,3.671683508,5.8,2.2,5.7271,2.4168,-0.333333333,0.588910997,-0.4,-0.982772511,-0.5414,-0.547272511,0.004444444,2.470189049,0.043291738,1.290912964
55,10/1/95,5.566666667,2.824618114,5.6,2.3,5.65,2.3233,-0.066666666,-1.574621064,0.366666667,-2.399239178,-0.031333333,-1.821739178,0.187777777,0.679995034,0.001248444,0.061067362
56,1/1/96,5.533333333,3.737985098,5.6,2.7,5.7806,2.1419,0.066666666,2.739278224,0.333333333,1.201293126,0.260433333,1.418093126,0.071111111,2.365398162,0.037545521,1.745530063
57,4/1/96,5.5,4.369604584,5.5,2.6,5.56,1.9657,-0.166666667,0.816313903,-0.066666667,-1.253290681,-0.016666667,-1.229990681,0.01,4.283263134,0.0225,4.18736245
58,7/1/96,5.266666667,2.448019175,5.4,2.8,5.4456,2.1716,-0.4,-1.223664333,-0.066666667,-0.971683508,0.113933333,-1.529783508,0.111111111,0.063494336,0.264127471,0.093708949
59,10/1/96,5.333333333,3.225320267,5.2,3,5.3139,2.1308,-0.233333334,0.400702153,-0.066666667,-0.224618114,-0.006666667,-0.858918114,0.027777778,0.391025436,0.051377778,1.586643217
60,1/1/97,5.233333333,4.282899018,5,3.2,5.3237,2.2533,-0.3,0.54491392,-0.133333333,-0.937985098,-0.087733333,-1.566385098,0.027777778,2.198989498,0.045057138,4.457583543
61,4/1/97,5,1.809877589,4.7,3.2,5.0775,2.6112,-0.5,-2.559726995,-0.3,-1.369604584,-0.1861,-2.238804584,0.04,1.416391353,0.09853321,0.102991194
62,7/1/97,4.866666667,6.993438195,4.6,3.3,4.8931,2.525,-0.4,4.54541902,-0.266666667,0.751980825,0.057033333,-0.194719175,0.017777778,14.39017334,0.208879467,22.46891011
63,10/1/97,4.666666667,4.868494531,4.6,3.8,4.7974,2.6371,-0.666666666,1.643174264,-0.633333333,-0.025320267,-0.255833333,-0.614120267,0.001111111,2.783874,0.168784028,5.0953786
64,1/1/98,4.633333333,4.103624711,4.6,3.7,4.7031,2.7336,-0.6,-0.179274307,-0.633333333,-0.982899018,-0.340233333,-1.757899018,0.001111111,0.645812676,0.067478721,2.492055978
65,4/1/98,4.4,7.231956863,4.4,3.3,4.5828,3.0925,-0.6,5.422079274,-0.4,1.990122411,-0.2026,0.827222411,0.04,11.77832791,0.15792676,21.11270959
66,7/1/98,4.533333333,5.320156935,4.7,2.7,4.5341,2.9398,-0.333333334,-1.67328126,-0.266666667,-3.293438195,-0.163566667,-4.259838195,0.004444444,2.624908494,0.028820721,6.690276778
67,10/1/98,4.433333333,5.907566382,4.5,2.9,4.7203,2.3962,-0.233333334,1.039071851,-0.266666667,-1.568494531,-0.083866667,-1.775994531,0.001111111,6.799402437,0.022340285,7.924598735
68,1/1/99,4.3,4.172824159,4.2,4,4.4303,2.6444,-0.333333333,0.069199448,0.066666667,-1.403624711,-0.099233333,-1.163824711,0.16,2.169211003,0.05480281,1.520348577
69,4/1/99,4.266666667,6.267975501,4.1,4.4,4.3027,2.8438,-0.133333333,-0.963981362,0.1,-4.331956863,0.3203,-4.835756863,0.054444444,11.34325898,0.205783201,14.99064553
70,7/1/99,4.233333333,4.572335939,4,1.7,4.3568,2.6715,-0.3,-0.747820996,-0.333333333,-1.320156935,-0.103033333,-2.675756935,0.001111111,0.327568427,0.038795868,3.716936985
71,10/1/99,4.066666667,5.980911743,4,5.2,4.2167,3.0829,-0.366666666,0.073345361,-0.333333333,-1.507566382,-0.130633333,-3.063766382,0.001111111,2.499281939,0.055711734,9.841470088
72,1/1/00,4.033333333,6.186023472,4,4.4,4.075,3.0737,-0.266666667,2.013199313,-0.3,-2.472824159,0.0568,-1.501324159,0.001111111,20.12440659,0.104630685,12.35187524
73,4/1/00,3.933333333,3.787038659,3.9,3.6,4.0029,3.2901,-0.333333334,-2.480936842,-0.266666667,-1.067975501,-0.049966667,-3.185075501,0.004444444,1.996459751,0.080296668,0.495811251
74,7/1/00,4,3.889357492,4.1,3.6,4.1284,2.9475,-0.233333333,-0.682978447,-0.233333333,-0.172335939,-0.158333333,-1.498635939,0,0.260755771,0.005625,0.665297144
75,10/1/00,3.9,3.537594191,4.4,3,4.1744,2.8866,-0.166666667,-2.443317552,-0.166666667,-2.380911743,-0.063766667,-2.690811743,0,0.003894485,0.01058841,0.061253375
76,1/1/01,4.233333333,1.461152512,4.9,2,4.5071,2.7958,0.2,-4.72487096,0.066666667,-2.586023472,0.095066667,-3.238523472,0.017777778,4.574668577,0.011011004,2.209228855
77,4/1/01,4.4,0.806211213,5.2,3.3,4.7727,2.5782,0.466666667,-2.980827446,0.466666667,-0.787038659,0.241066667,-0.900438659,0,4.812709242,0.05089536,4.328017505
78,7/1/01,4.833333333,1.401149637,5.8,0.1,4.9121,2.6164,0.833333333,-2.488207855,0.9,-1.889357492,0.5071,-1.093557492,0.004444444,0.358621757,0.106428188,1.945049635
79,10/1/01,5.5,6.609577316,6.1,4.3,6.0138,2.1271,1.6,3.071983125,1.3,-0.237594191,0.8727,-0.959394191,0.09,10.95330201,0.52896529,16.25200306
80,1/1/02,5.7,0.895700619,5.6,2.8,5.9441,2.4756,1.466666667,-0.565451893,1.566666667,-1.361152512,0.678766667,1.155247488,0.01,0.633139475,0.62078641,2.96080636
81,4/1/02,5.833333333,2.036186153,5.9,3,5.7361,2.952,1.433333333,1.22997494,1.7,3.493788787,1.6138,1.320888787,0.071111111,5.124853134,0.032568218,0.008265328
82,7/1/02,5.733333333,2.826681114,6.1,2.3,5.86,2.8941,0.9,1.425531477,0.766666667,1.398850363,1.110766667,1.074450363,0.017777778,0.000711882,0.044422588,0.123257949
83,10/1/02,5.866666667,2.246402274,6,3,5.8029,2.8435,0.366666667,-4.363175042,0.4,-3.609577316,0.2361,-3.657577316,0.001111111,0.567909533,0.017047655,0.497868151
84,1/1/03,5.866666667,1.983820567,6.2,3.2,5.9081,2.9841,0.166666667,1.088119948,0.4,1.404299381,0.16,1.998399381,0.054444444,0.099969434,4.44444E-05,0.828608646
85,4/1/03,6.133333333,4.656992416,6.1,4.6,5.9,3.2863,0.3,2.620806263,0.166666667,0.963813847,-0.030433333,0.807313847,0.017777778,2.745623867,0.109186188,3.288754743
86,7/1/03,6.133333333,5.777269034,6.1,4.7,6.0267,3.5236,0.4,2.95058792,0.466666667,0.373318886,0.174766667,0.157418886,0.004444444,6.642315674,0.050730054,7.801793252
87,10/1/03,5.833333333,2.782731725,5.8,4.9,5.8491,3.4158,-0.033333334,0.536329451,0.233333333,2.353597726,0.033333333,1.039897726,0.071111111,3.302463983,0.004444444,0.253581008
88,1/1/04,5.7,3.78396058,5.5,4.4,5.5359,3.4784,-0.166666667,1.800140013,0.233333333,2.716179433,0.160033333,1.539779433,0.16,0.839128219,0.10673289,0.067787632
89,4/1/04,5.6,2.200583638,5.3,4.5,5.4116,3.185,-0.533333333,-2.456408778,-0.333333333,0.243007584,-0.284233333,-1.241192416,0.04,7.286848695,0.06205081,1.476750806
90,7/1/04,5.433333333,4.783442582,5.4,4,5.3418,3.2239,-0.7,-0.993826452,-0.633333333,-1.377269034,-0.597433333,-2.298869034,0.004444444,0.147028214,0.010519921,1.703136141
91,10/1/04,5.433333333,4.599448598,5.3,4.1,5.2799,2.9611,-0.4,1.816716873,-0.533333333,1.717268275,-0.421733333,0.402268275,0.017777778,0.009890024,0.000472338,2.000664836
92,1/1/05,5.3,2.567240547,5.3,3.9,5.1888,3.1506,-0.4,-1.216720033,-0.3,0.21603942,-0.3582,-0.56006058,0.01,2.05279965,0.00174724,0.431201637
93,4/1/05,5.1,4.507541461,5.1,3.5,5.1209,3.1649,-0.5,2.306957823,-0.3,1.899416362,-0.3201,0.760516362,0.04,0.166090042,0.03236401,2.391481192
94,7/1/05,4.966666667,3.358697603,5,4.3,4.9588,3.237,-0.466666666,-1.424744979,-0.133333333,-0.883442582,-0.244533333,-1.632842582,0.111111111,0.293008285,0.049343218,0.043304612
95,10/1/05,4.966666667,0.739180406,5,3.2,4.9466,3.1794,-0.466666666,-3.860268192,-0.333333333,-1.099448598,-0.312433333,-1.434548598,0.017777778,7.622124831,0.023787921,5.884115549
96,1/1/06,4.733333333,4.432204353,4.8,3.5,4.842,2.9571,-0.566666667,1.864963806,-0.3,1.732759453,-0.3412,0.669759453,0.071111111,0.017477991,0.050835218,1.428513445
97,4/1/06,4.633333333,2.092301251,4.9,2.8,4.7352,2.9265,-0.466666667,-2.41524021,-0.1,-1.307541461,-0.1534,-1.328141461,0.134444445,1.226996519,0.098136005,1.18178369
98,7/1/06,4.633333333,2.590704713,4.9,2.5,4.8128,2.5821,-0.333333334,-0.76799289,-0.166666667,0.141302397,-0.124666667,-0.401597603,0.027777778,0.826817919,0.043541778,0.134245506
99,10/1/06,4.433333333,3.874559481,4.8,2.3,4.7556,2.4781,-0.533333334,3.135379075,-0.066666667,2.060819594,-0.231466667,2.187319594,0.217777778,1.154678078,0.091123485,0.89881678
100,1/1/07,4.5,2.486107603,4.8,2.1,4.7055,2.7756,-0.233333333,-1.94609675,0.166666667,-1.932204353,0.079466667,-1.850104353,0.16,0.000192999,0.09784384,0.00921454
101,4/1/07,4.5,1.054726154,4.7,2.3,4.688,2.6371,-0.133333333,-1.037575097,0.166666667,0.207698749,0.122266667,0.385798749,0.09,1.550706952,0.06533136,2.025993105
102,7/1/07,4.666666667,2.696192909,4.7,1.7,4.6827,2.4282,0.033333334,0.105488196,0.166666667,-0.490704713,0.072166667,0.184895287,0.017777778,0.355445985,0.001508028,0.006305486
103,10/1/07,4.8,1.587167189,4.8,1.4,4.8924,2.1556,0.366666667,-2.287392292,0.266666667,-1.574559481,0.254666667,-1.237459481,0.01,0.508130616,0.012544,1.102358908
104,1/1/08,5,-0.547761138,5.5,1.9,5.2576,2.4965,0.5,-3.033868741,0.2,-0.786107603,0.1827,-0.057907603,0.09,5.052430134,0.10067929,8.856344695
105,4/1/08,5.333333333,1.10382822,5.6,-3.8,5.4526,1.1857,0.833333333,0.049102066,0.3,0.345273846,0.3924,1.100873846,0.284444444,0.087717723,0.194422204,1.106223877
106,7/1/08,6,-3.047235747,6.2,1.5,5.9235,1.0607,1.333333333,-5.743428656,0.833333333,-0.796192909,0.590933333,-0.199692909,0.25,24.47514154,0.55115776,30.73300603
107,10/1/08,6.866666667,-3.549402618,7.8,0.9,7.3931,0.8246,2.066666667,-5.136569807,0.8,-5.387167189,0.6526,-0.401467189,1.604444445,0.062799048,1.999584539,22.4211968
108,1/1/09,8.266666667,-1.010913879,9,0,8.6922,1.0169,3.266666667,-0.463152741,1.2,2.047761138,0.9235,1.608461138,4.271111112,6.304688508,5.490430029,4.291584064
109,4/1/09,9.3,-1.953357895,10,1.4,9.7309,1.5143,3.966666667,-3.057186115,2.466666667,-0.20382822,2.059766667,-0.27922822,2.25,8.141651277,3.63626761,7.717050066
110,7/1/09,9.633333333,2.71516178,9.8,2.5,9.8659,1.693,3.633333333,5.762397527,3,3.047235747,2.6922,4.064135747,0.401111111,7.372103492,0.88573195,2.884093073
111,10/1/09,9.933333333,-0.437922539,9.9,2.4,10.1528,1.9354,3.066666666,3.111480079,3.133333333,4.949402618,2.864233333,5.063702618,0.004444444,3.377959259,0.040979254,3.811172842
112,1/1/10,9.833333333,2.339983387,9.6,2.7,9.7873,2.3565,1.566666666,3.350897266,1.533333333,3.510913879,1.599233333,2.703913879,0.001111111,0.025605316,0.001060588,0.418587503
113,4/1/10,9.633333333,3.636213314,9.5,2.3,9.4073,2.759,0.333333333,5.589571209,0.6,4.353357895,0.8528,3.888757895,0.071111111,1.528223358,0.269845618,2.892765929
114,7/1/10,9.466666667,2.880865568,9.6,2.1,9.387,2.3177,-0.166666666,0.165703788,-0.033333333,-0.01516178,0.153966667,-0.35866178,0.017777778,0.032712354,0.102805734,0.274959249
115,10/1/10,9.5,2.474445162,9.4,3.3,9.3942,2.3366,-0.433333333,2.912367701,-0.433333333,2.737922539,-0.526033333,3.196922539,0,0.030431115,0.00859329,0.080971456
116,1/1/11,9.033333333,1.535874807,8.7,3.5,9.0415,3.0052,-0.8,-0.80410858,-0.233333333,-0.239983387,-0.446333333,-0.022283387,0.321111111,0.318237233,0.125080111,0.611250632
117,4/1/11,9.066666667,0.412172451,8.9,2.4,8.4799,2.9024,-0.566666666,-3.224040863,-0.233333333,-0.336213314,-0.239133333,-1.299613314,0.111111111,8.339547953,0.107278084,3.703421391
118,7/1/11,9,1.225072152,9.1,1.7,8.8369,2.0366,-0.466666667,-1.655793416,-0.766666667,0.619134432,-0.425166667,0.124334432,0.09,5.175296714,0.00172225,3.168855155
119,10/1/11,8.633333333,0.692574145,8.8,2.2,8.8404,2.2962,-0.866666667,-1.781871017,-0.6,-0.074445162,-1.0201,0.427954838,0.071111111,2.91530305,0.023541788,4.883330309
120,1/1/12,8.266666667,2.913801405,8.3,2.8,8.2193,2.4294,-0.766666666,1.377926598,0.066666667,0.164125193,-0.196433333,0.500725193,0.694444444,1.473313851,0.325166054,0.769482305
121,4/1/12,8.2,0.704770512,8.2,2.7,7.9298,2.4363,-0.866666667,0.292598061,-0.266666667,1.787827549,-0.226266667,1.884027549,0.36,2.235711222,0.41011216,2.532647815
122,7/1/12,8.033333333,0.813505557,8.2,1.1,8.0279,1.9357,-0.966666667,-0.411566595,-0.7,1.574927848,-0.7807,1.204327848,0.071111111,3.946160172,0.034583601,2.611114851
123,10/1/12,7.8,1.605631197,7.9,2.6,7.8002,2.2686,-0.833333333,0.913057052,-0.433333333,2.007425855,-0.703533333,1.743725855,0.16,1.197643077,0.01684804,0.69001066
124,1/1/13,7.733333333,2.625150624,7.6,2.5,7.6094,2.3343,-0.533333334,-0.288650781,-0.066666667,-1.813801405,-0.238766667,-0.978101405,0.217777778,2.326084426,0.086769521,0.475342163
125,4/1/13,7.533333333,1.147868176,7.3,3.6,7.4123,2.527,-0.666666667,0.443097664,-0.3,1.895229488,-0.3998,1.563829488,0.134444445,2.108686834,0.071217818,1.256039821
126,7/1/13,7.233333333,1.638764336,7,3.3,7.2405,2.4682,-0.8,0.825258779,-0.433333333,1.686494443,-0.423933333,1.520794443,0.134444445,0.741726869,0.141426138,0.48376986
127,10/1/13,6.933333333,3.568208976,6.8,3.2,7.0016,2.5799,-0.866666667,1.962577779,-0.5,1.994368803,-0.3877,0.921368803,0.134444445,0.001010669,0.229409068,1.084116132
128,1/1/14,6.666666667,1.447484813,6.4,3.8,6.4625,2.7056,-1.066666666,-1.177665811,-0.733333333,0.674849376,-0.492833333,-0.156950624,0.111111111,3.431812518,0.329284694,1.041859493
129,4/1/14,6.2,3.895781562,6,4.1,6.1966,2.8856,-1.333333333,2.747913386,-0.733333333,2.052131824,-0.531733333,1.432031824,0.36,0.484111982,0.64256256,1.731544285
130,7/1/14,6.066666667,4.015724131,5.7,3.3,5.884,2.8155,-1.166666666,2.376959795,-0.833333333,2.161235664,-0.770833333,1.066835664,0.111111111,0.046536901,0.156684028,1.716425239
131,10/1/14,5.7,4.686387129,5.4,3.6,5.6667,2.6813,-1.233333333,1.118178153,-0.933333333,0.531791024,-0.736733333,-0.682608976,0.09,0.343849865,0.24661156,3.242834284
132,1/1/15,5.533333333,3.104153125,5.2,3.9,5.36,3.0707,-1.133333334,1.656668312,-0.966666667,1.852515187,-0.782666667,1.368015187,0.027777778,0.038355998,0.122967111,0.083320627
133,4/1/15,5.433333333,2.785106765,5.3,3.5,5.1839,3.0403,-0.766666667,-1.110674797,-0.8,-0.295781562,-0.5333,-1.214481562,0.001111111,0.664050984,0.054460001,0.010775844
134,7/1/15,5.1,2.843369237,5,3.1,5.0505,2.8042,-0.966666667,-1.172354894,-0.866666667,-0.115724131,-0.706666667,-0.945024131,0.01,1.116468569,0.0676,0.051679276
135,10/1/15,5.033333333,1.639405117,4.8,3.6,4.8946,2.8311,-0.666666667,-3.046982012,-0.4,-1.186387129,-0.5161,-1.646087129,0.071111111,3.461813319,0.022670321,1.962506473
136,1/1/16,4.9,3.054729624,4.8,2.8,4.7335,2.5864,-0.633333333,-0.049423501,-0.533333333,-0.004153125,-0.482833333,-0.299953125,0.01,0.002049407,0.02265025,0.062765093
137,4/1/16,4.933333333,1.998092398,4.8,2.5,4.7245,2.4775,-0.5,-0.787014367,-0.633333333,0.814893235,-0.538733333,0.045993235,0.017777778,2.566107965,0.001500271,0.693901665
138,7/1/16,4.9,2.810177333,4.8,2.7,4.7018,2.3227,-0.2,-0.033191904,-0.3,-0.043369237,-0.3665,-0.256969237,0.01,0.000103578,0.02772225,0.050076295
139,10/1/16,4.766666667,2.078173987,4.7,2.6,4.7371,2.5345,-0.266666666,0.43876887,-0.233333333,0.860594883,-0.308833333,0.838094883,0.001111111,0.177937185,0.001778028,0.159461265
140,1/1/17,4.566666667,3.113089063,4.7,2.9,4.6036,2.5824,-0.333333333,0.058359439,-0.1,-0.354729624,-0.1982,-0.732029624,0.054444444,0.170642574,0.018261018,0.624714871
141,4/1/17,4.366666667,1.998218782,4.2,3,4.4016,2.3876,-0.566666666,0.000126384,-0.233333333,0.601907602,-0.196233333,0.536407602,0.111111111,0.362140634,0.137220854,0.287597545
142,7/1/17,4.333333333,2.736870036,4.1,2.7,4.1988,2.3628,-0.566666667,-0.073307297,-0.2,0.089822667,-0.2964,-0.227777333,0.134444445,0.026611385,0.073044071,0.023860992
143,10/1/17,4.166666667,4.444066628,3.8,2.6,4.0933,2.5199,-0.6,2.365892641,-0.566666667,0.921826013,-0.365066667,0.309426013,0.001111111,2.085328426,0.055193671,4.229054992