,DATE,gRPCEB4,gRPCEB3,gRPCEB2,gRPCEB1,gRPCEF0,gRPCEF1,gRPCEF2,gRPCEF3,gRPCEF4,gRPCEF5,gRPCEF6,gRPCEF7,gRPCEF8,gRPCEF9,GBdate
0,1978.2,,3.0,9.3,-1.0,5.5,2.9,3.0,5.0,3.9,,,,,,19780614
1,1978.3,,,-0.9,6.2,2.6,3.0,4.9,3.8,3.0,2.7,,,,,19780712
2,1978.3,,,-1.4,6.1,2.5,2.9,5.0,3.9,3.1,2.6,,,,,19780809
3,1978.3,,,-1.4,6.5,1.2,3.0,5.0,3.9,3.1,2.7,,,,,19780913
4,1978.4,,-1.4,6.0,1.7,3.0,4.7,3.7,3.2,2.6,,,,,,19781011
5,1978.4,,-1.4,6.0,3.4,2.8,3.8,3.2,2.0,1.5,,,,,,19781115
6,1978.4,,-1.4,6.0,4.2,5.2,3.2,3.0,1.7,1.2,,,,,,19781213
7,1979.1,-1.4,6.0,4.1,6.8,3.2,3.0,1.8,1.4,1.0,1.2,1.6,1.8,,,19790131
8,1979.1,-1.4,6.0,4.1,8.0,1.1,2.7,1.3,1.3,0.8,1.1,1.5,1.8,,,19790314
9,1979.2,6.0,4.1,7.6,0.2,2.6,1.4,1.2,0.8,1.0,1.3,1.5,,,,19790411
10,1979.2,6.0,4.1,7.6,1.8,2.0,1.3,1.1,0.8,1.0,1.3,1.5,,,,19790516
11,1979.3,4.1,7.6,0.7,-3.9,-0.5,-0.3,0.6,0.7,1.1,1.3,,,,,19790703
12,1979.3,4.8,6.8,0.6,-3.6,-0.8,-0.4,0.5,0.7,1.0,1.3,,,,,19790808
13,1979.3,4.8,6.8,0.6,3.0,1.1,-1.1,0.0,0.4,0.6,0.9,,,,,19790912
14,1979.4,6.8,0.6,-2.9,2.2,-2.8,-1.3,-0.7,0.1,0.4,,,,,,19791012
15,1979.4,6.8,0.6,-2.9,4.3,-2.0,-3.7,-2.1,-0.6,0.0,,,,,,19791114
16,1980.1,0.6,-2.9,4.9,2.9,-3.7,-3.3,-3.0,-1.4,-1.1,-0.3,0.4,1.3,,,19800103
17,1980.1,0.6,-2.9,4.9,4.1,-2.0,-2.1,-3.0,-3.6,-2.3,-1.2,0.4,1.1,,,19800130
18,1980.1,0.6,-2.9,4.9,4.4,2.2,-1.3,-4.3,-4.3,-3.9,-1.8,0.6,1.2,,,19800314
19,1980.2,-2.9,4.9,4.1,1.2,-3.4,-4.1,-3.7,-3.4,-1.6,0.3,0.8,,,,19800416
20,1980.2,-2.9,4.9,4.1,1.6,-6.3,-4.1,-3.6,-2.3,-0.1,0.7,0.9,,,,19800514
21,1980.3,4.9,4.1,0.5,-11.3,-2.9,-1.3,1.3,1.2,1.4,1.2,,,,,19800702
22,1980.3,4.9,4.1,0.5,-9.4,-2.1,-1.3,1.4,1.4,1.4,1.3,,,,,19800806
23,1980.3,4.9,4.1,0.5,-9.8,-0.3,-0.1,1.0,1.2,1.3,1.3,,,,,19800910
24,1980.4,4.1,0.5,-10.6,4.8,1.0,0.0,1.1,0.5,0.6,,,,,,19801015
25,1980.4,4.1,0.5,-10.6,5.2,1.0,0.1,2.0,1.0,0.1,,,,,,19801112
26,1980.4,4.1,0.5,-10.6,5.0,3.0,-1.9,1.5,1.2,0.3,0.9,0.6,0.4,0.1,,19801212
27,1981.1,0.8,-9.8,5.1,5.3,0.0,-1.0,2.2,0.3,0.4,0.6,0.5,0.6,,,19810128
28,1981.1,0.8,-9.8,5.1,7.0,4.1,0.8,1.5,0.7,0.5,0.3,0.5,0.8,,,19810325
29,1981.2,-9.8,5.1,7.0,4.7,0.6,2.2,3.9,1.1,0.8,1.7,1.0,,,,19810513
30,1981.3,5.1,7.0,5.8,-1.1,2.5,3.3,1.7,1.5,4.8,3.1,,,,,19810701
31,1981.3,5.1,7.0,5.8,-1.9,2.4,3.9,1.8,1.3,4.8,3.2,,,,,19810812
32,1981.3,5.1,7.0,5.8,-2.1,3.2,1.1,2.4,1.8,4.9,3.4,,,,,19810930
33,1981.4,7.0,5.8,-2.1,4.3,-1.9,0.0,1.2,4.6,3.0,,,,,,19811110
34,1981.4,7.0,5.8,-2.1,4.0,-2.0,1.4,1.9,5.3,3.8,,,,,,19811216
35,1982.1,5.8,-2.1,3.3,-1.8,1.4,2.3,5.5,4.3,1.4,1.4,4.3,2.1,,,19820127
36,1982.1,5.8,-2.1,3.3,-2.2,3.5,2.0,5.5,3.8,2.5,2.5,5.2,3.3,,,19820324
37,1982.2,-2.1,3.3,-2.2,4.0,0.8,5.1,3.7,2.9,2.9,5.2,3.1,,,,19820512
38,1982.2,-2.1,3.3,-2.2,3.4,1.4,4.6,4.0,2.0,2.1,5.1,4.0,,,,19820623
39,1982.3,2.9,-3.3,2.5,3.0,3.3,4.1,2.9,1.8,4.0,3.7,,,,,19820818
40,1982.3,2.9,-3.3,2.5,2.5,1.8,3.5,2.6,1.7,3.7,3.7,,,,,19820929
41,1982.4,-3.3,2.5,2.5,1.4,2.5,1.9,1.6,3.4,3.2,,,,,,19821110
42,1982.4,-3.3,2.5,2.5,1.1,3.1,0.9,1.3,3.0,3.7,,,,,,19821215
43,1983.1,2.5,2.5,0.6,5.0,2.3,2.1,2.4,2.6,3.3,3.1,3.1,3.2,,,19830202
44,1983.1,2.5,2.5,0.6,4.5,1.9,2.7,4.1,3.6,3.3,3.2,3.0,3.2,,,19830323
45,1983.2,2.5,0.6,4.5,2.3,3.1,4.7,4.1,3.3,3.4,3.2,3.3,,,,19830518
46,1983.3,0.6,4.5,2.5,5.9,6.0,5.1,3.1,3.2,3.2,3.2,,,,,19830706
47,1983.3,0.9,3.6,2.9,10.0,5.7,4.4,3.3,2.5,2.0,2.2,,,,,19830817
48,1983.3,0.9,3.6,2.9,10.0,3.0,5.0,2.7,2.5,2.3,2.2,,,,,19830928
49,1983.4,3.6,2.9,10.0,3.5,6.5,4.0,2.7,2.0,2.2,,,,,,19831109
50,1983.4,3.6,2.9,10.0,3.0,7.5,4.4,3.6,2.4,2.4,,,,,,19831214
51,1984.1,2.9,10.0,2.2,6.5,3.9,3.4,2.6,2.5,2.5,2.7,2.3,2.2,,,19840125
52,1984.1,2.9,10.0,2.2,6.5,5.4,3.7,2.5,2.8,2.4,2.2,2.1,2.1,,,19840321
53,1984.2,10.0,2.2,6.5,5.8,4.3,3.0,2.9,2.5,2.2,2.1,2.0,,,,19840516
54,1984.3,2.2,6.5,6.4,6.5,5.0,3.4,2.6,2.2,2.1,1.9,,,,,19840711
55,1984.3,3.8,6.8,4.6,6.9,4.1,3.9,3.3,2.8,2.6,2.1,,,,,19840815
56,1984.3,3.8,6.8,4.6,7.9,0.8,5.2,3.5,2.9,2.8,2.4,,,,,19840926
57,1984.4,6.8,4.6,7.9,0.2,5.3,4.4,3.4,2.7,2.9,,,,,,19841031
58,1984.4,6.8,4.6,7.9,0.5,2.8,4.4,3.2,3.0,2.6,,,,,,19841212
59,1985.1,4.6,7.9,0.7,3.9,4.9,4.5,3.8,3.3,2.7,2.6,2.5,2.0,,,19850206
60,1985.1,4.6,7.9,0.7,3.6,6.2,4.1,3.5,3.2,2.8,2.7,2.5,2.1,,,19850320
61,1985.2,7.9,0.7,3.6,4.7,2.6,2.8,2.7,2.6,2.2,2.0,1.8,,,,19850515
62,1985.3,0.7,3.6,5.2,4.2,2.2,2.1,2.1,2.0,2.0,1.8,,,,,19850703
63,1985.3,0.7,3.6,5.2,5.2,1.3,2.0,2.0,1.9,1.8,1.7,,,,,19850814
64,1985.3,0.7,3.6,5.2,4.8,4.3,-2.0,3.2,1.7,1.5,1.3,,,,,19850925
65,1985.4,3.6,5.2,4.8,4.8,-2.2,3.3,1.8,1.5,1.5,,,,,,19851030
66,1985.4,3.6,5.2,4.8,5.4,-0.7,3.0,2.0,1.6,1.5,,,,,,19851211
67,1986.1,,,4.6,-0.2,3.7,3.2,2.3,2.0,1.8,1.9,1.9,2.3,,,19860205
68,1986.1,,,4.6,0.1,2.5,3.3,3.4,3.3,2.5,2.2,2.0,2.0,,,19860326
69,1986.2,,4.6,0.1,4.3,3.2,3.2,3.2,2.5,2.2,2.0,2.0,,,,19860514
70,1986.3,4.6,0.1,3.8,6.0,2.5,2.7,2.5,2.2,1.8,1.7,,,,,19860702
71,1986.3,5.3,1.7,3.6,5.9,2.4,2.7,2.4,2.4,1.9,1.7,,,,,19860813
72,1986.3,5.3,1.7,3.6,6.5,5.3,-0.7,2.6,2.4,1.9,1.7,,,,,19860917
73,1986.4,1.7,3.6,6.2,7.2,-2.7,2.3,2.3,2.1,2.1,,,,,,19861029
74,1986.4,1.7,3.6,6.2,6.5,-4.0,3.0,2.6,2.2,2.1,,,,,,19861210
75,1987.1,,,6.7,-0.5,-0.3,2.4,2.1,1.9,1.7,1.2,1.3,1.4,,,19870204
76,1987.1,,,6.7,-0.4,-1.8,3.7,1.5,0.5,1.1,1.1,1.3,1.1,,,19870325
77,1987.2,,6.7,-0.4,-0.4,3.9,1.8,0.2,1.0,0.9,1.0,0.9,,,,19870513
78,1987.3,6.7,-0.4,-1.1,2.5,3.6,0.6,0.8,1.0,1.0,1.0,,,,,19870701
79,1987.3,7.3,0.5,-0.7,2.1,4.9,-0.3,1.8,1.5,1.5,1.3,,,,,19870812
80,1987.3,7.3,0.5,-0.7,2.1,6.5,-0.8,1.9,1.6,1.6,1.3,,,,,19870916
81,1987.4,0.5,-0.7,1.9,4.8,-2.6,0.4,0.9,1.6,1.7,,,,,,19871028
82,1987.4,0.5,-0.7,1.9,4.9,-2.1,0.3,0.5,1.8,2.2,,,,,,19871209
83,1988.1,,,5.4,-3.8,1.4,1.8,2.0,2.1,1.8,1.8,1.5,1.5,,,19880203
84,1988.1,,,5.4,-3.1,2.8,1.7,2.0,1.7,1.3,1.4,1.2,1.2,,,19880323
85,1988.2,,5.4,-2.5,3.8,2.3,2.7,1.6,1.0,0.9,1.1,1.0,,,,19880511
86,1988.2,,5.4,-2.5,4.3,1.5,3.0,2.2,1.6,0.6,0.9,1.0,,,,19880622
87,1988.3,4.6,-2.1,4.5,2.3,2.6,2.3,1.3,1.3,1.3,1.3,,,,,19880810
88,1988.3,4.6,-2.1,4.5,2.7,3.1,2.5,1.7,1.3,1.3,1.3,,,,,19880914
89,1988.4,-2.1,4.5,3.0,3.9,2.0,2.4,1.9,1.9,1.8,,,,,,19881026
90,1988.4,,,,4.0,2.4,3.5,2.4,2.4,1.8,0.8,0.6,0.4,0.7,,19881207
91,1989.1,,,3.9,2.8,3.5,3.0,2.2,1.6,0.8,0.5,0.6,0.9,,,19890201
92,1989.1,,,3.9,3.5,2.6,4.1,2.7,1.3,1.0,0.7,0.6,0.9,,,19890322
93,1989.2,,3.9,3.5,1.3,3.1,2.4,1.4,1.6,0.9,0.8,1.1,,,,19890510
94,1989.2,,3.9,3.5,1.3,1.4,2.2,1.3,1.6,1.3,1.3,1.5,,,,19890628
95,1989.3,3.3,3.0,2.0,1.1,3.8,1.9,2.6,1.5,1.6,1.7,,,,,19890816
96,1989.3,3.3,3.0,2.0,1.9,4.7,1.6,2.6,1.6,1.6,1.6,1.4,1.4,1.2,1.2,19890927
97,1989.4,3.0,2.0,1.9,5.8,1.8,2.9,1.8,1.5,1.5,1.4,1.3,1.2,1.3,,19891108
98,1989.4,3.0,2.0,1.9,6.2,-0.3,4.5,2.0,1.5,1.4,1.5,1.6,1.6,1.7,,19891213
99,1990.1,,,5.6,-0.1,2.2,2.7,1.5,1.5,1.6,1.6,1.7,1.7,,,19900131
100,1990.1,,,5.6,0.4,1.7,3.3,2.3,1.8,1.4,1.5,1.5,1.5,,,19900321
101,1990.2,,5.6,0.5,2.5,2.1,2.4,2.0,1.7,1.5,1.6,1.8,,,,19900509
102,1990.2,,5.6,0.5,1.6,0.6,2.0,1.7,1.7,1.9,2.0,2.1,,,,19900627
103,1990.3,4.6,-0.8,1.1,-0.3,1.7,0.6,1.5,1.8,2.0,1.8,2.0,2.0,2.1,2.0,19900815
104,1990.3,4.6,-0.8,1.1,0.2,2.6,-0.7,0.5,1.7,1.8,1.4,1.6,1.6,1.7,1.6,19900926
105,1990.4,-0.8,1.1,0.2,3.6,-1.7,-1.5,1.5,1.4,1.5,1.6,1.7,1.6,1.6,,19901107
106,1990.4,-0.8,1.1,0.2,3.2,-2.5,-1.6,2.5,1.4,1.5,1.7,1.8,1.8,1.8,,19901212
107,1991.1,1.1,0.2,2.7,-3.1,-1.5,2.5,1.7,2.0,2.1,2.2,2.2,2.2,,,19910130
108,1991.1,1.1,0.2,2.7,-2.9,-3.5,3.6,3.0,2.6,2.6,2.6,2.5,2.5,,,19910320
109,1991.2,0.2,2.7,-3.4,-1.4,1.5,2.7,2.5,2.8,2.8,2.7,2.6,,,,19910508
110,1991.2,0.2,2.7,-3.4,-1.5,3.4,2.2,2.5,3.0,2.8,2.7,2.7,,,,19910628
111,1991.3,2.7,-3.4,-1.5,3.6,2.1,2.1,2.8,3.0,2.9,2.8,2.7,2.6,2.6,2.5,19910814
112,1991.3,2.7,-3.4,-1.5,2.8,3.8,1.7,2.5,2.9,3.1,2.9,2.8,2.7,2.7,2.6,19910925
113,1991.4,-3.4,-1.5,2.5,3.8,0.6,1.7,2.5,3.3,3.7,3.3,3.1,3.0,2.9,,19911030
114,1991.4,-3.5,-1.3,1.4,2.3,-1.0,0.8,1.9,2.6,3.1,3.5,3.6,3.6,3.6,,19911211
115,1992.1,-1.3,1.4,2.3,-1.1,1.1,2.2,2.9,3.3,3.8,3.7,3.4,3.3,,,19920130
116,1992.1,-1.3,1.4,2.3,-0.2,4.3,2.4,3.1,3.7,3.4,3.1,2.9,2.8,,,19920325
117,1992.2,1.4,2.3,0.0,5.3,1.9,3.1,3.4,3.2,3.0,2.8,2.7,,,,19920514
118,1992.2,1.4,2.3,0.0,5.0,1.0,2.3,2.8,2.8,2.8,2.8,2.9,,,,19920626
119,1992.3,1.5,-0.3,5.1,-0.3,1.9,2.5,2.9,2.8,2.8,3.0,2.9,2.9,2.9,2.9,19920813
120,1992.3,1.5,-0.3,5.1,-0.1,3.5,1.2,1.8,1.9,2.6,3.8,3.8,3.6,3.4,3.1,19920930
121,1992.4,-0.3,5.1,-0.1,3.4,2.0,2.3,2.1,2.6,3.2,3.3,3.6,3.1,2.8,,19921112
122,1992.4,-0.3,5.1,-0.1,3.7,4.7,3.0,2.9,3.1,3.3,3.2,3.3,3.2,3.0,,19921216
123,1993.1,5.1,-0.1,3.7,4.3,2.6,3.3,3.1,3.3,3.1,3.5,3.2,3.3,,,19930129
124,1993.1,5.1,-0.1,3.7,4.8,3.2,3.3,2.7,2.9,2.9,3.1,2.8,2.9,,,19930317
125,1993.2,-0.1,3.7,5.1,1.2,1.8,2.9,2.7,2.4,2.4,2.5,2.5,,,,19930514
126,1993.2,,3.7,5.1,0.8,3.2,2.8,2.0,2.1,2.3,2.4,2.5,,,,19930630
127,1993.3,3.7,5.1,0.8,3.8,2.3,2.6,2.0,2.1,2.2,2.3,,,,,19930811
128,1993.3,4.2,5.6,0.8,3.2,3.3,2.3,2.2,1.9,2.2,2.3,,,,,19930915
129,1993.4,5.6,0.8,3.4,4.2,2.5,1.8,1.7,2.3,2.1,2.0,2.0,2.2,2.2,,19931110
130,1993.4,5.6,0.8,3.4,4.4,4.0,2.4,2.2,2.5,2.4,2.1,2.0,1.9,1.8,,19931215
131,1994.1,0.8,3.4,4.4,4.0,2.7,1.9,2.5,2.4,2.3,2.3,2.3,2.3,,,19940131
132,1994.1,0.8,3.4,4.4,4.6,2.5,2.0,2.4,2.4,2.2,2.2,2.1,2.1,,,19940316
133,1994.2,,4.4,4.4,3.8,1.7,2.3,2.3,2.1,2.1,2.2,2.2,,,,19940513
134,1994.2,,4.4,4.4,5.2,1.7,2.9,2.3,1.9,1.9,2.1,2.1,,,,19940630
135,1994.3,3.9,4.0,4.7,1.2,2.8,2.4,2.2,1.8,1.9,2.0,,,,,19940812
136,1994.3,3.9,4.0,4.7,1.4,2.8,2.9,2.5,1.8,1.9,1.9,2.0,2.1,2.1,2.1,19940921
137,1994.4,4.0,4.7,1.3,3.0,4.3,2.5,2.2,1.4,1.7,1.8,1.9,2.0,2.1,,19941109
138,1994.4,4.0,4.7,1.3,3.3,5.5,3.4,2.4,1.6,1.3,1.5,1.8,1.9,2.0,,19941214
139,1995.1,4.7,1.3,3.1,4.4,4.0,2.8,2.2,2.1,2.1,2.4,2.5,2.5,,,19950125
140,1995.1,4.7,1.3,3.1,5.0,2.7,3.7,2.1,2.1,1.8,2.0,2.1,1.9,,,19950322
141,1995.2,1.3,3.1,5.1,1.4,2.3,3.0,2.1,2.1,2.2,2.2,2.1,,,,19950517
142,1995.2,1.3,3.1,5.1,1.8,1.6,2.1,2.0,2.0,2.2,2.1,2.0,,,,19950628
143,1995.3,3.1,5.1,1.6,2.5,2.8,2.2,2.0,2.0,2.1,2.1,,,,,19950816
144,1995.3,3.1,5.1,1.6,3.4,3.2,2.2,2.2,2.1,2.1,2.0,2.0,1.8,1.8,1.8,19950920
145,1995.4,5.1,1.6,3.4,2.9,3.5,2.0,2.3,2.2,2.2,2.6,2.7,1.8,1.8,,19951108
146,1995.4,5.1,1.6,3.4,3.1,2.8,2.5,2.3,2.4,2.4,2.7,2.6,2.1,2.1,,19951214
147,1996.1,0.8,3.4,2.9,1.8,2.3,2.6,2.4,2.4,2.4,2.4,2.4,2.4,,,19960126
148,1996.1,0.8,3.4,2.8,1.1,2.5,2.4,2.7,2.5,2.5,2.3,2.4,2.5,,,19960321
149,1996.2,3.4,2.8,1.2,3.9,2.5,2.7,2.6,2.6,2.4,2.4,2.4,,,,19960516
150,1996.2,3.4,2.8,1.2,3.6,2.9,2.7,2.6,2.6,2.5,2.4,2.4,,,,19960626
151,1996.3,2.4,1.1,3.5,3.4,2.4,2.8,2.6,2.5,2.4,2.4,,,,,19960815
152,1996.3,2.4,1.1,3.5,3.3,1.7,3.3,2.8,2.7,2.6,2.5,2.4,2.4,2.4,2.4,19960918
153,1996.4,1.1,3.5,3.4,0.4,3.8,3.3,2.5,2.6,2.5,2.5,2.5,2.4,2.4,,19961106
154,1996.4,1.1,3.5,3.4,0.6,3.2,3.4,3.0,3.0,2.5,2.3,2.2,2.1,2.1,,19961212
155,1997.1,3.5,3.4,0.5,3.0,3.5,3.4,3.1,2.7,2.4,2.3,2.2,2.2,,,19970129
156,1997.1,3.5,3.4,0.5,3.6,5.0,3.2,3.2,2.7,2.5,2.5,2.5,2.5,,,19970319
157,1997.2,3.4,0.5,3.4,5.8,2.2,3.2,3.0,2.8,2.6,2.5,2.4,,,,19970515
158,1997.2,3.4,0.5,3.4,5.7,1.4,4.0,3.2,3.1,2.7,2.2,2.1,,,,19970625
159,1997.3,0.5,3.3,5.3,0.8,4.2,3.3,3.1,2.8,2.4,2.1,,,,,19970814
160,1997.3,0.5,3.3,5.3,1.1,4.1,3.4,3.3,3.3,2.8,1.9,1.8,1.7,1.7,1.6,19970924
161,1997.4,3.3,5.3,0.9,5.7,3.0,3.7,3.5,3.0,2.5,2.0,1.9,1.7,1.7,,19971106
162,1997.4,3.3,5.3,0.9,5.7,3.5,4.1,3.8,3.2,2.5,1.7,1.6,1.7,1.7,,19971211
163,1998.1,5.3,0.9,5.6,2.9,4.7,3.8,3.2,2.5,2.0,2.0,2.1,2.1,,,19980128
164,1998.1,5.3,0.9,5.6,3.1,5.3,4.2,3.7,2.7,2.3,2.4,2.5,2.5,,,19980325
165,1998.2,0.9,5.6,2.5,5.8,5.2,4.0,3.2,2.7,2.6,2.6,2.7,,,,19980514
166,1998.2,0.9,5.6,2.5,6.1,5.2,3.8,3.3,2.6,2.5,2.6,2.7,,,,19980624
167,1998.3,6.2,2.8,6.1,5.7,3.6,3.1,2.6,2.5,2.6,2.7,,,,,19980813
168,1998.3,6.2,2.8,6.1,5.9,3.5,3.4,2.7,2.4,2.2,2.2,1.8,2.8,2.5,2.5,19980923
169,1998.4,2.8,6.1,6.1,3.9,3.8,3.0,2.4,2.3,2.1,1.8,2.7,2.5,2.5,,19981112
170,1998.4,2.8,6.1,6.1,4.1,4.1,3.1,2.9,2.5,2.3,1.9,2.9,2.6,2.7,,19981216
171,1999.1,6.1,6.1,4.1,4.7,2.7,4.2,3.5,3.5,2.5,3.2,2.7,2.8,,,19990128
172,1999.1,6.1,6.1,4.1,4.6,6.0,4.1,4.0,4.2,2.0,4.0,2.6,2.4,,,19990324
173,1999.2,6.1,4.1,5.0,6.8,4.2,4.4,4.5,2.6,4.4,3.4,3.0,,,,19990513
174,1999.2,6.1,4.1,5.0,6.8,4.4,3.9,4.4,2.0,4.8,3.3,3.0,,,,19990623
175,1999.3,4.1,5.0,6.7,3.8,3.6,4.6,2.0,4.8,3.2,3.0,,,,,19990818
176,1999.3,4.1,5.0,6.7,4.6,3.9,4.3,1.7,4.5,3.2,3.0,2.9,2.8,2.7,2.7,19990929
177,1999.4,4.6,6.5,5.1,4.3,4.1,2.5,5.1,3.8,3.6,3.5,3.3,3.2,3.1,,19991110
178,1999.4,4.6,6.5,5.1,4.5,5.1,2.8,5.2,4.0,3.8,3.5,3.3,3.3,3.3,,19991215
179,2000.1,6.5,5.1,4.9,5.2,4.8,4.5,4.4,3.8,3.9,3.9,3.3,3.0,,,20000127
180,2000.1,6.5,5.1,4.9,6.0,6.1,4.1,4.4,3.8,3.9,3.6,3.2,2.9,,,20000315
181,2000.2,5.1,4.9,5.9,7.6,4.0,4.4,3.8,3.9,3.5,3.0,2.5,,,,20000511
182,2000.2,5.1,4.9,5.9,7.5,3.2,4.0,3.6,3.6,3.3,3.0,2.7,,,,20000621
183,2000.3,5.0,5.9,7.6,2.9,4.2,3.9,3.7,3.6,3.4,3.4,,,,,20000816
184,2000.3,5.0,5.9,7.6,2.9,4.7,3.8,3.6,3.5,3.4,3.4,3.4,3.4,3.4,3.4,20000927
185,2000.4,5.9,7.6,3.1,4.5,3.6,3.6,3.4,3.4,3.3,3.2,3.2,3.2,3.2,,20001108
186,2000.4,5.9,7.6,3.1,4.5,2.9,2.9,3.0,3.0,3.0,3.0,3.0,3.0,3.0,,20001213
187,2001.1,7.6,3.1,4.5,2.8,1.4,1.1,1.8,2.2,2.8,2.8,2.9,2.9,,,20010125
188,2001.1,7.6,3.1,4.5,2.8,2.3,0.6,2.0,2.4,2.6,2.6,2.7,2.7,,,20010314
189,2001.2,3.1,4.5,2.8,3.1,0.4,1.6,4.9,1.5,3.1,1.7,2.8,,,,20010509
190,2001.2,3.1,4.5,2.8,3.0,1.6,2.3,3.3,1.9,2.2,3.5,3.1,,,,20010620
191,2001.3,4.3,3.1,3.0,2.1,2.9,3.4,1.7,1.8,2.8,2.6,,,,,20010816
192,2001.3,4.3,3.1,3.0,2.5,1.5,0.4,0.1,1.1,2.5,2.4,3.1,3.2,3.2,3.2,20010927
193,2001.4,3.1,3.0,2.5,1.4,1.3,-0.6,3.7,2.8,2.3,3.0,3.0,3.2,3.3,,20011031
194,2001.4,3.1,3.0,2.5,1.1,3.7,-2.6,4.3,4.5,2.9,2.2,3.1,3.2,3.2,,20011205
195,2002.1,3.0,2.5,1.0,4.7,-1.2,3.5,3.5,3.2,3.2,3.1,3.2,3.2,,,20020123
196,2002.1,3.0,2.5,1.0,6.0,2.1,2.4,2.8,2.9,3.3,3.4,3.3,3.3,,,20020313
197,2002.2,2.5,1.0,6.1,3.5,2.8,2.8,3.1,3.4,3.4,3.4,3.4,,,,20020501
198,2002.2,2.5,1.0,6.1,3.2,1.7,2.6,3.0,3.0,3.0,3.1,3.2,,,,20020620
199,2002.3,1.5,6.0,3.1,1.9,3.7,1.2,2.4,2.4,2.6,2.6,,,,,20020807
200,2002.3,1.5,6.0,3.1,1.8,4.8,1.1,2.3,2.5,2.6,2.7,2.9,3.0,3.0,3.4,20020918
201,2002.4,6.0,3.1,1.8,4.1,0.3,2.2,2.3,2.7,2.9,3.4,3.2,3.2,3.2,,20021030
202,2002.4,6.0,3.1,1.8,4.1,0.0,2.6,3.0,3.4,3.3,3.8,3.7,3.5,3.6,,20021204
203,2003.1,3.1,1.8,4.2,1.2,1.9,2.8,3.8,4.0,4.4,4.3,4.1,4.1,,,20030122
204,2003.1,3.1,1.8,4.2,1.5,1.7,2.3,3.2,3.8,4.6,4.3,4.2,4.2,,,20030313
205,2003.2,1.8,4.2,1.7,1.4,2.5,2.9,3.6,4.8,4.1,4.8,4.9,,,,20030430
206,2003.2,1.8,4.2,1.7,2.0,2.1,3.8,4.6,4.3,4.3,4.7,5.0,,,,20030618
207,2003.3,4.2,1.7,2.0,3.3,3.3,3.6,3.8,4.1,4.6,4.6,,,,,20030806
208,2003.3,4.2,1.7,2.0,3.8,4.8,2.8,4.7,4.5,4.4,4.4,4.4,4.3,4.0,3.5,20030910
209,2003.4,1.7,2.0,3.8,6.1,1.8,4.5,4.6,4.5,4.5,4.4,4.3,4.1,3.8,,20031022
210,2003.4,1.7,2.0,3.8,6.4,2.0,4.3,4.9,4.7,4.6,4.5,4.4,4.1,3.7,,20031203
211,2004.1,2.5,3.3,6.9,3.1,3.6,4.6,4.4,4.3,4.2,4.0,3.9,3.7,,,20040121
212,2004.1,2.5,3.3,6.9,2.8,3.4,4.8,4.4,4.2,4.1,4.0,4.0,3.8,,,20040311
213,2004.2,3.3,6.9,3.2,4.0,5.1,4.4,4.2,4.1,4.0,3.9,3.9,,,,20040428
214,2004.2,3.3,6.9,3.2,4.0,3.4,4.6,4.5,4.1,3.9,3.7,3.6,,,,20040623
215,2004.3,5.0,3.6,4.1,1.0,4.1,4.4,4.1,4.0,3.8,3.8,,,,,20040805
216,2004.3,5.0,3.6,4.1,1.5,3.7,4.1,4.0,4.0,3.9,3.9,4.1,4.1,4.1,4.1,20040915
217,2004.4,3.6,4.1,1.6,4.6,2.9,3.3,3.8,3.8,3.9,3.9,4.0,4.0,4.0,,20041103
218,2004.4,3.6,4.1,1.6,5.1,3.3,3.7,4.1,4.1,3.9,4.0,3.8,3.8,3.8,,20041208
219,2005.1,4.1,1.6,5.1,4.6,3.7,4.0,3.8,3.7,3.7,3.7,3.7,3.7,,,20050126
220,2005.1,4.1,1.6,5.1,4.2,3.9,3.9,3.9,3.7,3.7,3.6,3.6,3.6,,,20050316
221,2005.2,1.6,5.1,4.2,3.5,3.2,3.6,3.5,3.5,3.4,3.4,3.4,,,,20050428
222,2005.2,1.6,5.1,4.2,3.6,3.1,3.3,3.5,3.6,3.6,3.6,3.5,,,,20050622
223,2005.3,4.4,4.3,3.5,3.6,4.6,2.1,3.7,3.2,3.2,3.2,,,,,20050804
224,2005.3,,,3.5,3.1,4.1,1.1,4.3,3.5,3.4,3.3,3.1,3.1,3.1,3.1,20050914
225,2005.4,,3.5,3.4,3.4,0.6,3.9,3.1,3.1,3.1,3.1,3.1,3.1,3.1,,20051026
226,2005.4,,3.5,3.4,4.2,0.7,4.8,3.2,3.2,3.2,3.5,3.4,3.4,3.4,,20051207
227,2006.1,3.5,3.4,4.1,1.1,4.5,3.4,3.1,3.1,3.3,3.3,3.3,3.3,,,20060125
228,2006.1,3.5,3.4,4.1,1.2,5.2,3.6,3.5,3.4,3.5,3.3,3.3,3.3,,,20060322
229,2006.2,3.4,4.1,0.9,5.5,3.7,3.5,3.4,3.2,3.2,3.2,3.1,,,,20060503
230,2006.2,3.4,4.1,0.9,5.2,2.2,3.2,2.8,3.0,2.9,2.9,2.8,,,,20060621
231,2006.3,3.9,0.8,4.8,2.5,3.2,2.5,2.4,2.4,2.4,2.4,,,,,20060803
232,2006.3,,,4.8,2.6,3.1,2.7,2.5,2.5,2.6,2.6,2.6,2.7,2.8,2.8,20060913
233,2006.4,,4.8,2.6,2.9,3.1,2.6,2.6,2.6,2.6,2.8,2.7,2.8,2.8,,20061018
234,2006.4,,4.8,2.6,2.9,3.1,2.7,2.3,2.4,2.4,2.6,2.6,2.6,2.6,,20061206
235,2007.1,4.8,2.6,2.8,4.6,3.6,2.4,2.5,2.6,2.7,2.7,2.7,2.7,,,20070124
236,2007.1,4.8,2.6,2.8,4.1,3.7,2.2,2.1,2.1,2.3,2.4,2.5,2.5,,,20070314
237,2007.2,2.6,2.8,4.2,3.8,1.9,2.1,2.2,2.4,2.4,2.6,2.5,,,,20070502
238,2007.2,2.6,2.8,4.2,4.3,1.6,2.3,2.3,2.5,2.5,2.6,2.5,,,,20070620
239,2007.3,2.8,3.9,3.7,1.3,2.0,1.9,2.0,2.0,2.0,2.0,,,,,20070802
240,2007.3,,,3.7,1.4,2.4,1.9,1.7,1.7,1.8,1.9,2.1,2.1,2.1,2.1,20070912
241,2007.4,,3.7,1.4,3.2,2.3,1.5,1.6,1.7,2.1,1.9,2.0,2.1,2.3,,20071024
242,2007.4,,3.7,1.4,2.7,1.3,1.4,1.4,1.5,1.7,2.0,2.2,2.3,2.3,,20071205
243,2008.1,3.7,1.4,2.8,2.2,1.3,1.0,3.4,3.4,0.1,0.7,2.4,2.4,,,20080123
244,2008.1,3.7,1.4,2.8,1.8,0.2,0.5,1.9,-2.6,0.9,2.3,2.3,2.7,,,20080313
245,2008.2,1.4,2.8,2.3,1.0,0.2,2.7,-3.9,0.6,2.3,2.2,2.7,,,,20080423
246,2008.2,1.4,2.8,2.3,1.2,2.2,2.6,-3.8,1.0,1.5,1.7,1.9,,,,20080618
247,2008.3,2.8,2.3,1.1,2.0,1.6,-2.8,0.8,1.2,1.3,1.6,,,,,20080730
248,2008.3,,,0.9,1.7,-0.5,-1.6,1.5,1.8,2.1,2.2,2.4,2.5,2.6,2.6,20080910
249,2008.4,,0.9,1.2,-3.3,-2.4,-0.1,1.0,1.5,1.7,2.0,2.2,2.5,2.8,,20081022
250,2008.4,,0.9,1.2,-3.7,-4.3,-1.3,0.9,1.4,2.0,2.3,2.8,2.9,3.0,,20081210
251,2009.1,0.9,1.2,-3.8,-3.9,-1.7,0.6,1.7,2.0,2.6,2.8,3.1,3.2,,,20090122
252,2009.1,0.9,1.2,-3.8,-4.3,0.4,0.0,0.0,1.2,1.3,1.8,2.1,2.4,,,20090312
253,2009.2,1.2,-3.8,-4.3,1.1,-0.5,0.4,1.2,1.9,2.5,3.0,3.3,,,,20090422
254,2009.2,1.2,-3.8,-4.3,1.6,-0.4,0.8,1.4,2.1,2.7,3.1,3.4,,,,20090617
255,2009.3,-3.5,-3.1,0.6,-1.2,0.9,1.2,2.1,2.4,2.8,3.2,,,,,20090806
256,2009.3,,,0.6,-0.9,2.3,0.8,2.5,2.8,2.9,3.3,3.3,3.6,3.6,3.8,20090916
257,2009.4,,0.6,-0.9,3.4,0.7,2.4,2.3,2.1,2.4,3.0,3.3,3.6,3.6,,20091029
258,2009.4,,0.6,-0.9,3.0,1.9,2.7,2.4,2.6,2.6,3.0,3.4,3.7,3.6,,20091209
259,2010.1,0.6,-0.9,2.8,2.1,2.7,2.7,2.9,2.9,3.3,3.6,3.9,4.0,,,20100120
260,2010.1,0.6,-0.9,2.8,1.7,2.4,2.4,2.7,2.9,3.1,3.5,3.6,3.8,,,20100310
261,2010.2,-0.9,2.8,1.6,3.6,2.1,2.7,2.8,3.2,3.5,3.7,3.9,,,,20100421
262,2010.2,-0.9,2.8,1.6,3.4,2.9,2.2,2.3,2.9,3.1,3.2,3.3,,,,20100616
263,2010.3,2.0,0.9,1.9,1.6,1.6,2.0,2.5,3.4,3.9,4.2,,,,,20100804
264,2010.3,,,1.9,2.0,2.2,2.0,2.1,2.8,3.3,3.7,3.9,4.1,4.3,4.4,20100915
265,2010.4,,1.9,2.2,2.6,2.2,2.4,2.8,3.3,4.0,4.1,4.3,4.5,4.8,,20101027
266,2010.4,,1.9,2.2,2.8,2.7,3.2,3.3,3.5,4.0,3.7,3.9,4.2,4.2,,20101208
267,2011.1,1.9,2.2,2.4,4.1,3.1,3.5,3.6,3.7,3.5,3.7,3.9,4.2,,,20110119
268,2011.1,1.9,2.2,2.4,4.1,2.5,3.5,3.5,3.5,3.7,3.8,4.0,4.1,,,20110309
269,2011.2,2.2,2.4,4.0,2.5,3.0,3.1,3.1,3.3,3.7,3.9,4.0,,,,20110420
270,2011.2,2.2,2.4,4.0,2.3,1.5,2.6,2.4,2.5,2.7,2.9,3.1,,,,20110615
271,2011.3,2.6,3.6,2.1,0.1,1.6,1.9,1.9,2.4,2.8,3.0,,,,,20110803
272,2011.3,,,2.1,0.4,1.7,1.1,1.7,2.1,2.4,2.7,2.9,3.1,3.2,3.4,20110914
273,2011.4,,2.1,0.7,2.2,2.0,1.9,2.2,2.5,2.8,2.9,3.0,3.2,3.3,,20111026
274,2011.4,,2.1,0.7,2.1,2.4,2.3,2.2,2.4,2.8,2.1,2.1,2.3,2.7,,20111207
275,2012.1,2.1,0.7,1.7,2.2,2.0,2.4,2.6,2.8,2.2,2.4,2.6,2.6,,,20120118
276,2012.1,2.1,0.7,1.7,2.1,1.2,2.6,2.8,2.9,2.3,2.5,2.7,2.8,,,20120307
277,2012.2,0.7,1.7,2.1,2.2,2.5,2.9,3.0,2.4,2.6,2.8,3.0,,,,20120418
278,2012.2,0.7,1.7,2.1,2.9,1.9,2.5,2.7,2.1,2.3,2.4,2.5,,,,20120613
279,2012.3,1.7,2.1,2.5,1.1,2.1,2.4,2.0,2.2,2.3,2.4,,,,,20120725
280,2012.3,1.7,2.0,2.4,1.7,2.3,2.2,1.1,2.8,2.8,3.0,,,,,20120905
281,2012.4,2.0,2.4,1.5,2.3,3.1,1.1,3.0,3.4,3.5,,,,,,20121017
282,2012.4,,,1.5,1.4,2.1,0.6,2.6,2.7,2.9,3.1,3.3,3.4,3.5,,20121205
283,2013.1,,1.5,1.6,2.2,1.7,2.6,2.5,2.7,2.6,3.2,3.6,3.6,,,20130123
284,2013.1,,1.5,1.6,2.0,2.1,2.5,2.5,2.7,2.7,3.2,3.8,3.7,,,20130313
285,2013.2,1.5,1.6,1.8,2.8,2.3,2.6,3.3,3.0,3.4,3.7,3.8,,,,20130424
286,2013.2,1.5,1.6,1.8,3.1,2.1,3.1,3.6,3.6,3.7,3.8,3.9,,,,20130612
287,2013.3,1.6,1.8,2.6,1.5,2.6,3.5,3.7,3.7,3.7,3.7,,,,,20130724
288,2013.3,,,,2.1,2.0,3.1,3.3,3.5,3.8,3.8,3.8,3.8,3.8,3.7,20130911
289,2013.4,,,1.8,1.5,2.6,2.9,3.2,3.6,3.8,3.8,3.8,3.8,3.6,,20131023
290,2013.4,,,1.8,1.4,3.2,2.8,3.2,3.4,3.9,3.9,4.0,3.8,3.9,,20131212
291,2014.1,,1.8,2.0,4.0,3.1,3.4,3.6,3.9,4.1,4.0,3.8,3.7,,,20140123
292,2014.1,,1.8,2.0,2.6,2.6,3.7,3.8,3.9,3.9,3.8,3.6,3.5,,,20140312
293,2014.2,1.8,2.0,3.3,2.5,3.8,4.0,4.1,4.2,3.8,3.6,3.4,,,,20140423
294,2014.2,1.8,2.0,3.3,3.1,3.0,3.7,4.1,3.8,3.5,3.3,3.2,,,,20140611
295,2014.3,2.0,3.3,1.0,2.1,3.4,3.7,3.7,3.5,3.3,3.2,,,,,20140723
296,2014.3,,,,2.5,2.0,3.4,3.3,3.0,2.9,3.0,2.9,2.9,2.8,2.7,20140910
297,2014.4,,,2.5,1.9,3.4,3.0,3.0,3.0,2.9,2.8,2.8,2.7,2.6,,20141022
298,2014.4,,,2.5,2.2,3.4,3.5,3.6,3.7,3.7,3.6,3.4,3.3,3.0,,20141210
299,2015.1,,2.5,3.2,3.8,4.1,4.4,4.0,3.9,3.8,3.5,3.4,2.8,,,20150121
300,2015.1,,2.5,3.2,4.2,3.5,4.4,3.9,3.8,3.6,3.6,3.1,2.7,,,20150311
301,2015.2,2.5,3.2,4.4,1.9,4.2,4.2,4.0,3.7,3.6,3.1,2.7,,,,20150422
302,2015.2,2.5,3.2,4.4,1.8,2.8,3.4,3.5,3.6,3.5,3.3,2.8,,,,20150610
303,2015.3,3.2,4.4,2.1,2.8,2.9,3.3,3.4,3.3,3.2,3.1,,,,,20150722
304,2015.3,,,,3.1,2.8,2.9,3.1,3.3,3.2,3.1,3.0,2.6,2.5,2.4,20150909
305,2015.4,,,3.6,3.2,2.8,3.2,3.2,3.2,3.2,2.8,2.6,2.4,2.6,,20151021
306,2015.4,,,3.6,3.0,2.4,3.4,3.6,3.6,3.5,3.2,2.9,2.7,2.6,,20151209
307,2016.1,,3.6,3.0,1.7,3.1,3.3,3.4,3.3,3.1,3.1,2.8,2.7,,,20160120
308,2016.1,,3.6,3.0,2.0,3.1,3.1,2.8,2.6,2.9,2.9,2.9,2.8,,,20160309
309,2016.2,3.6,3.0,2.4,1.8,3.0,2.9,2.9,3.0,3.0,2.9,2.9,,,,20160420
310,2016.2,3.6,3.0,2.4,1.9,3.4,2.7,2.5,2.7,2.7,2.7,2.7,,,,20160608
311,2016.3,3.0,2.4,1.5,4.2,2.8,2.4,2.8,2.8,2.8,2.8,,,,,20160720
312,2016.3,,,,4.4,3.0,2.2,2.7,2.7,2.7,2.7,2.5,2.5,2.4,2.4,20160914
313,2016.4,,,4.3,2.6,1.8,2.5,2.6,2.5,2.5,2.5,2.4,2.4,2.4,,20161026
314,2016.4,,,4.3,2.8,2.1,2.6,2.6,3.7,3.0,2.8,2.7,2.6,2.6,,20161207
315,2017.1,,4.3,3.0,2.8,2.2,2.6,3.7,3.0,2.8,2.8,2.7,2.7,,,20170123
316,2017.1,,4.3,3.0,3.0,1.5,3.0,2.9,2.7,3.4,3.0,2.7,2.7,,,20170303
317,2017.2,4.3,3.0,3.5,0.6,3.1,3.0,2.8,3.4,3.0,2.8,2.7,,,,20170421
318,2017.2,4.3,3.0,3.5,0.6,3.0,2.8,3.0,3.3,3.0,2.8,2.7,,,,20170605
319,2017.3,3.0,3.5,1.1,3.1,2.7,2.9,2.9,2.7,2.5,2.4,,,,,20170714
320,2017.3,,,,3.4,2.0,3.3,2.7,2.6,2.5,2.5,2.3,2.3,2.3,2.2,20170908
321,2017.4,,,3.3,2.3,3.3,2.8,2.6,2.6,2.5,2.4,2.4,2.3,2.3,,20171020
322,2017.4,,,3.3,2.3,2.5,2.7,2.6,2.5,2.4,2.3,2.3,2.2,2.2,,20171201
